beta_start,alternative_pacc,beta_k,q,steps_per_temperature,threshold,threshold_acceptanc_rate,final_steps_to_convergence,final_path_distance,final_beta_value
1,False,6.856515617816275,0.4,2500,5e-05,0.1,2500,11.2811030452845,6.856515617816275
1,True,6.890426139813258,0.4,2500,5e-05,0.1,2500,13.126493014179111,6.890426139813258
1,False,6.766758644297234,0.4,5000,5e-05,0.1,5000,12.688704915338093,6.766758644297234
